-- phpMyAdmin SQL Dump
-- version 4.6.6
-- https://www.phpmyadmin.net/
--
-- Host: localhost
-- Generation Time: 13 Sep 2017 pada 07.27
-- Versi Server: 10.1.22-MariaDB
-- PHP Version: 7.0.17

SET SQL_MODE = "NO_AUTO_VALUE_ON_ZERO";
SET time_zone = "+00:00";


/*!40101 SET @OLD_CHARACTER_SET_CLIENT=@@CHARACTER_SET_CLIENT */;
/*!40101 SET @OLD_CHARACTER_SET_RESULTS=@@CHARACTER_SET_RESULTS */;
/*!40101 SET @OLD_COLLATION_CONNECTION=@@COLLATION_CONNECTION */;
/*!40101 SET NAMES utf8mb4 */;

--
-- Database: `48fanspt_`
--

-- --------------------------------------------------------

--
-- Struktur dari tabel `ci_sessions`
--

CREATE TABLE `ci_sessions` (
  `id` varchar(40) NOT NULL,
  `ip_address` varchar(45) NOT NULL,
  `timestamp` int(10) UNSIGNED NOT NULL DEFAULT '0',
  `data` blob NOT NULL
) ENGINE=InnoDB DEFAULT CHARSET=latin1;

--
-- Dumping data untuk tabel `ci_sessions`
--

INSERT INTO `ci_sessions` (`id`, `ip_address`, `timestamp`, `data`) VALUES
('01264e2adf1973523e8c5fb5d265279908a94d37', '172.68.10.32', 1504649956, 0x5f5f63695f6c6173745f726567656e65726174657c693a313530343634393935363b),
('0203bf314f7cd7cbced2f3f5daa63f34a4b0ceb6', '172.68.244.118', 1505241578, 0x5f5f63695f6c6173745f726567656e65726174657c693a313530353234313537383b),
('036c84573ea9cf55ac844373a6624dc18fade201', '108.162.246.63', 1505256617, 0x5f5f63695f6c6173745f726567656e65726174657c693a313530353235363631373b),
('0573df647243a986a997239d2f1d81d667dede4b', '172.68.245.89', 1505254829, 0x5f5f63695f6c6173745f726567656e65726174657c693a313530353235343832393b),
('0694d73b25f7a6612316046e4701511236505d09', '172.68.244.136', 1505030321, 0x5f5f63695f6c6173745f726567656e65726174657c693a313530353033303332313b),
('0704b4b8ccbfe3f134091092c658aca02257070c', '162.158.78.206', 1505256616, 0x5f5f63695f6c6173745f726567656e65726174657c693a313530353235363631363b),
('081d7a085775ad6f061ffbd11d39accf7193e5a9', '172.68.11.171', 1504716406, 0x5f5f63695f6c6173745f726567656e65726174657c693a313530343731363430363b),
('093fee6d428f899954af8e7926c5b95012457066', '172.68.244.220', 1505190605, 0x5f5f63695f6c6173745f726567656e65726174657c693a313530353139303630353b),
('0b8ad4a1a7f401fcd1dc4dc1af9c3967aa0549be', '172.68.246.84', 1505102584, 0x5f5f63695f6c6173745f726567656e65726174657c693a313530353130323538343b),
('0ba75c8c66c15bdb27107885213345d38f4bf97d', '172.68.10.188', 1504934290, 0x5f5f63695f6c6173745f726567656e65726174657c693a313530343933343239303b),
('0bfe7f6dc57c0e0c6a2fb0809c574877c028406a', '162.158.78.122', 1505256597, 0x5f5f63695f6c6173745f726567656e65726174657c693a313530353235363539373b),
('0d9a97a9ea9b1369186b8232bec9d621bb2a6e35', '172.68.246.90', 1505028197, 0x5f5f63695f6c6173745f726567656e65726174657c693a313530353032383139373b),
('0ee4f4e7dac1016332935f07d762f53390cdb8f3', '172.68.244.118', 1505091124, 0x5f5f63695f6c6173745f726567656e65726174657c693a313530353039313132343b),
('1039b11b701c493b44768147f0392207b5bb5ef4', '172.68.246.84', 1504953837, 0x5f5f63695f6c6173745f726567656e65726174657c693a313530343935333833373b),
('10d7768907f2b7da05078e26c7db111206a58dea', '162.158.78.224', 1505256578, 0x5f5f63695f6c6173745f726567656e65726174657c693a313530353235363537383b),
('10dcec6a65171a69c88a730948ae38b99bebbc4a', '172.68.10.206', 1504927591, 0x5f5f63695f6c6173745f726567656e65726174657c693a313530343932373539313b),
('115417e7f42f72e9543cf09e4895e51f8bda30d7', '162.158.79.75', 1504654145, 0x5f5f63695f6c6173745f726567656e65726174657c693a313530343635343134353b),
('122cf32294104c2700408c0d8b883e21804007cc', '172.68.11.57', 1505057975, 0x5f5f63695f6c6173745f726567656e65726174657c693a313530353035373937353b),
('12618134cd82ba4db417d9607326fcf5044624c1', '162.158.78.248', 1505256572, 0x5f5f63695f6c6173745f726567656e65726174657c693a313530353235363537323b),
('126e765ecfbc25a0835303908118d8ee383db5f5', '172.68.244.178', 1504734499, 0x5f5f63695f6c6173745f726567656e65726174657c693a313530343733343439393b),
('1275dc05a9a670ca2bd634152bc0147cf32864eb', '172.68.10.182', 1504655934, 0x5f5f63695f6c6173745f726567656e65726174657c693a313530343635353933343b),
('13338256954f9949b77286a03bdfab8cad21c754', '172.68.245.167', 1505114647, 0x5f5f63695f6c6173745f726567656e65726174657c693a313530353131343634373b),
('173cd9d9e638c97c04fdf01fd0333a7c8e482a0d', '162.158.78.206', 1505256588, 0x5f5f63695f6c6173745f726567656e65726174657c693a313530353235363538383b),
('196446888bb197680c60720b7493b540d6757198', '172.68.246.42', 1505113521, 0x5f5f63695f6c6173745f726567656e65726174657c693a313530353131333532313b),
('1b34bea0435718087d7f85b6683775de2e221841', '162.158.78.50', 1504654077, 0x5f5f63695f6c6173745f726567656e65726174657c693a313530343635343037373b),
('1b4470b6954939d13b0e5b8adcd1b6316f05098a', '162.158.90.106', 1504669143, 0x5f5f63695f6c6173745f726567656e65726174657c693a313530343636393134333b),
('1bf7ca30e9f53a93807e7587ea3c7b04d26bb1e5', '162.158.91.219', 1504766716, 0x5f5f63695f6c6173745f726567656e65726174657c693a313530343736363731363b),
('1e0365ef7f0852e12af35cb26b5d4aa5ae32fd8b', '172.68.245.161', 1504734489, 0x5f5f63695f6c6173745f726567656e65726174657c693a313530343733343438393b),
('1e134d66a1ef0cd1c5b23ea5f7e5a943cd772d39', '172.68.244.202', 1505220651, 0x5f5f63695f6c6173745f726567656e65726174657c693a313530353232303635313b),
('1f7b42859f361c44351d86d7df45c1751a3ec968', '172.68.245.11', 1505113602, 0x5f5f63695f6c6173745f726567656e65726174657c693a313530353131333630323b),
('1fad462ab43778e1c4d56b765e22e8485040c9f1', '172.68.244.178', 1504931340, 0x5f5f63695f6c6173745f726567656e65726174657c693a313530343933313334303b),
('206db8aca999ccd5a2d2474fff1d23c3a66fc299', '172.68.11.57', 1504847746, 0x5f5f63695f6c6173745f726567656e65726174657c693a313530343834373734363b),
('22b899e6f62cebd4e71909405b23780508e5332d', '172.68.10.116', 1504685455, 0x5f5f63695f6c6173745f726567656e65726174657c693a313530343638353435353b),
('24500dbfd5bc15e9c21c0cf4a2146087aa84e256', '172.68.11.171', 1505153029, 0x5f5f63695f6c6173745f726567656e65726174657c693a313530353135333032393b),
('25b4cb45b24364881a684a807050b5e1ce65c1f4', '162.158.78.20', 1504654126, 0x5f5f63695f6c6173745f726567656e65726174657c693a313530343635343132363b),
('26474eed8609b390c5d2a642beb42319c4b99bd7', '172.68.10.206', 1505079650, 0x5f5f63695f6c6173745f726567656e65726174657c693a313530353037393635303b),
('2b6f588d6e46035abed73217776cd575714009f3', '162.158.79.201', 1505256596, ''),
('2d84a83d3c6b61e7841b746e169c1f7b6ea8f7c6', '172.68.246.246', 1505006046, 0x5f5f63695f6c6173745f726567656e65726174657c693a313530353030363034363b),
('2eb3de3912f9b2b1b9be161700b68d334dea8b8b', '172.68.244.178', 1505010614, 0x5f5f63695f6c6173745f726567656e65726174657c693a313530353031303631343b),
('2f95f3464538843d8fdb546c2f32f12cb6d6307e', '172.68.10.134', 1504652749, 0x5f5f63695f6c6173745f726567656e65726174657c693a313530343635323734393b),
('2fe8ba4307af570470acdb1f8e8cbeef77947c95', '172.68.244.220', 1504967888, 0x5f5f63695f6c6173745f726567656e65726174657c693a313530343936373838383b),
('317abb48b39c3507e92aaa07299f9f3238e693bd', '172.68.244.130', 1505108435, 0x5f5f63695f6c6173745f726567656e65726174657c693a313530353130383433353b),
('32e0d9b91bc070c8e2adb65152c513b3a158d94c', '172.68.244.178', 1504809509, 0x5f5f63695f6c6173745f726567656e65726174657c693a313530343830393530393b),
('3349af3e8c9cb92eaae62990cac5dca21bd502a9', '162.158.78.50', 1504654095, 0x5f5f63695f6c6173745f726567656e65726174657c693a313530343635343039353b),
('33f93caf0a7612913598025f6e3464be3a024dfe', '103.22.200.160', 1504958584, 0x5f5f63695f6c6173745f726567656e65726174657c693a313530343935383538343b),
('35d7c95462ef25bbc5df679f02fa34b075292ebf', '172.68.65.178', 1505256612, 0x5f5f63695f6c6173745f726567656e65726174657c693a313530353235363631323b),
('3852f77ccdf2333bda8c1f566055b15050aec99f', '172.68.244.130', 1504959326, 0x5f5f63695f6c6173745f726567656e65726174657c693a313530343935393332363b),
('3aef2f53fb9943a0636a30f294a85246738f034f', '172.68.11.225', 1504913478, 0x5f5f63695f6c6173745f726567656e65726174657c693a313530343931333437383b),
('3dbcd8aa10527096cc3571563c4c902ea05816d7', '162.158.79.75', 1505256607, 0x5f5f63695f6c6173745f726567656e65726174657c693a313530353235363630373b),
('3de3047f4e26c39bda891eefb44f7f69d2668184', '162.158.179.128', 1504697379, 0x5f5f63695f6c6173745f726567656e65726174657c693a313530343639373337393b6d79636170746368617c733a383a223033467047655232223b),
('3f5380bf11f14369cee3a36dc4c810772c6a4651', '172.68.244.4', 1505266247, 0x5f5f63695f6c6173745f726567656e65726174657c693a313530353236363234373b),
('3fe8fb9e0fb3004cf0a19e6e8b2baebe828444d4', '173.245.48.211', 1504705219, 0x5f5f63695f6c6173745f726567656e65726174657c693a313530343730353231393b),
('43d0127f8c1966fa941b7f81a650672ec0c7f931', '172.68.245.101', 1505207355, 0x5f5f63695f6c6173745f726567656e65726174657c693a313530353230373335353b),
('44b4bad4afd1bb804751de6490a61fdd51305461', '162.158.79.9', 1505256626, 0x5f5f63695f6c6173745f726567656e65726174657c693a313530353235363632363b),
('467c8c55e475613605bc2b8e63565047f7b25b03', '108.162.246.69', 1504654076, 0x5f5f63695f6c6173745f726567656e65726174657c693a313530343635343037363b),
('48d98cdacd9f58d7ef190178b0e53cae3f430319', '162.158.78.110', 1505256605, 0x5f5f63695f6c6173745f726567656e65726174657c693a313530353235363630353b),
('4b72b265a8e45a15430c704699f918258411fc3d', '172.68.244.154', 1505166399, 0x5f5f63695f6c6173745f726567656e65726174657c693a313530353136363339393b),
('4c02bc38311afaedcdd3c5171d2a6e81f0ef0c36', '162.158.79.9', 1504654152, 0x5f5f63695f6c6173745f726567656e65726174657c693a313530343635343135323b),
('4ed059c41a04b9212527e51fcae7981628dccfb0', '172.68.65.160', 1505256580, 0x5f5f63695f6c6173745f726567656e65726174657c693a313530353235363538303b),
('4f5c612bad96d1bf4f9558104c3af1e6d8e844ba', '172.68.246.174', 1505242796, 0x5f5f63695f6c6173745f726567656e65726174657c693a313530353234323739363b),
('4f8a8504b4eeb9e88eff93aaa55fa2951e4cd4d0', '172.68.246.210', 1505072903, 0x5f5f63695f6c6173745f726567656e65726174657c693a313530353037323930333b),
('52d368c666f629c0688630d32bcf2c8f12d1129f', '162.158.78.110', 1504654143, 0x5f5f63695f6c6173745f726567656e65726174657c693a313530343635343134333b),
('52f0afe8dc9cb6a2210fdf98db49f467c81f9e01', '172.68.245.65', 1505165296, 0x5f5f63695f6c6173745f726567656e65726174657c693a313530353136353239363b6d79636170746368617c733a383a223643614731315142223b),
('53b15a7fbe1c5efacdde50e3b428897f7b2acacf', '172.68.245.11', 1504859177, 0x5f5f63695f6c6173745f726567656e65726174657c693a313530343835393137373b),
('54ca2866598e713157be18b5ac8af62def15185c', '162.158.78.230', 1504654159, 0x5f5f63695f6c6173745f726567656e65726174657c693a313530343635343135393b),
('57c10637d6d08fb69a5f3d2cea88fbf97e596342', '172.68.11.45', 1504689660, 0x5f5f63695f6c6173745f726567656e65726174657c693a313530343638393636303b),
('595dccc9267a23332c26dcb9cd47b159dd1fd008', '172.68.132.177', 1505133076, 0x5f5f63695f6c6173745f726567656e65726174657c693a313530353133333034333b6d79636170746368617c733a383a22706570334e6d7677223b),
('5ee8cd0758335226cc061ab910bd8c5424ca4a23', '162.158.78.152', 1504654147, 0x5f5f63695f6c6173745f726567656e65726174657c693a313530343635343134373b),
('60c33212f3b238995639ae8e88d03deb14d63334', '172.68.10.188', 1505214182, 0x5f5f63695f6c6173745f726567656e65726174657c693a313530353231343138323b),
('6111026bc5efc60143b585bfeb1b6d41b684ce48', '172.68.244.4', 1505161007, 0x5f5f63695f6c6173745f726567656e65726174657c693a313530353136313030373b),
('62199594051b3aaf595a10b656e1930586303230', '162.158.78.206', 1504654124, 0x5f5f63695f6c6173745f726567656e65726174657c693a313530343635343132343b),
('628cd41940b7f95fec08c525b9b619a3763095e2', '172.68.11.105', 1505095918, 0x5f5f63695f6c6173745f726567656e65726174657c693a313530353039353931383b),
('6349dc0c257d1578ae847700424ead4fea886628', '162.158.111.253', 1504770485, 0x5f5f63695f6c6173745f726567656e65726174657c693a313530343737303438353b),
('63d9729a688f56aa51240ddd9cacce9144cdcb96', '162.158.78.62', 1505256623, 0x5f5f63695f6c6173745f726567656e65726174657c693a313530353235363632333b),
('65f98fb1727a3a93eaebd79e27bfe7945b67de4b', '162.158.78.230', 1505256621, 0x5f5f63695f6c6173745f726567656e65726174657c693a313530353235363632313b),
('689f0ce167f94a4d814928138507b39621633d69', '172.68.10.32', 1504659809, 0x5f5f63695f6c6173745f726567656e65726174657c693a313530343635393830393b),
('6ac7dd95afd6303c4ec3c36da96fb653d2f5c172', '162.158.179.128', 1504697379, 0x5f5f63695f6c6173745f726567656e65726174657c693a313530343639373337393b6d79636170746368617c733a383a223033467047655232223b),
('6c4910db8c3fe3c39afe69fd095adaf25873fc8d', '162.158.179.248', 1504665824, 0x5f5f63695f6c6173745f726567656e65726174657c693a313530343636353638343b),
('71609d60cc136065d65cc399634a5f18007d29d2', '172.68.244.4', 1504991528, 0x5f5f63695f6c6173745f726567656e65726174657c693a313530343939313532383b),
('716e931fdffe412f9743f196c46fafb4d9190bd1', '162.158.92.104', 1505255619, 0x5f5f63695f6c6173745f726567656e65726174657c693a313530353235353631393b),
('71cecd8a6cd9cafbddcf1e145f088297ba2e0f36', '172.68.245.167', 1505270356, 0x5f5f63695f6c6173745f726567656e65726174657c693a313530353237303335363b),
('75ee83ffad25190e642aa73a41e9dfb8ac5934a8', '162.158.78.224', 1504654113, 0x5f5f63695f6c6173745f726567656e65726174657c693a313530343635343131333b),
('762e6f7db1ca628a520660d39f0ceed9c7485912', '162.158.78.224', 1504654138, 0x5f5f63695f6c6173745f726567656e65726174657c693a313530343635343133383b),
('76413c8bca7dcbb20e93baf6d13059487ae895e6', '172.68.10.80', 1504931414, 0x5f5f63695f6c6173745f726567656e65726174657c693a313530343933313431343b),
('783d9a270e1c9117f9aeb1a4a76d8b6547b1f17e', '162.158.179.128', 1504697044, 0x5f5f63695f6c6173745f726567656e65726174657c693a313530343639373034343b6d79636170746368617c733a383a22687a627a76326b38223b),
('784c4ace9b1fc9ead532d66dcc96b0816219b0a6', '172.68.11.39', 1504683164, 0x5f5f63695f6c6173745f726567656e65726174657c693a313530343638333136343b),
('7a1aaa5ec9f348a9ae9d9bb8e8686610950d4b7b', '172.68.11.57', 1504953718, 0x5f5f63695f6c6173745f726567656e65726174657c693a313530343935333731383b),
('7c846ff227f7f2b4b1ee2aba80f0a755df1daba2', '162.158.78.116', 1504654119, 0x5f5f63695f6c6173745f726567656e65726174657c693a313530343635343131393b),
('7cf44bbe261a2213e53d0a234208d18c0cda08f2', '103.22.200.154', 1504803418, 0x5f5f63695f6c6173745f726567656e65726174657c693a313530343830333431383b),
('7de2c6441d4e74ed32d5439577bdb76c9135b146', '162.158.90.58', 1504757280, 0x5f5f63695f6c6173745f726567656e65726174657c693a313530343735373238303b),
('88b8a70c975718688edaae3d055a4409681fa783', '172.68.246.210', 1504840763, 0x5f5f63695f6c6173745f726567656e65726174657c693a313530343834303736333b),
('89c1f96b612889b464b27c3ac14866df348dcc93', '172.68.10.86', 1505027851, 0x5f5f63695f6c6173745f726567656e65726174657c693a313530353032373835313b),
('8cafe85219f95b9200d247dcc909446351666609', '172.68.11.51', 1504649512, 0x5f5f63695f6c6173745f726567656e65726174657c693a313530343634393531323b),
('8d05ff402097e52f5aac5686a62c626793633381', '172.68.246.90', 1504847722, 0x5f5f63695f6c6173745f726567656e65726174657c693a313530343834373732323b),
('8d26dfd138a3a348d4a02053d8e6ab394cf038a6', '172.68.10.188', 1505113620, 0x5f5f63695f6c6173745f726567656e65726174657c693a313530353131333632303b),
('8e0cd9e85dfdace040531efd32684cd9f48be35f', '172.68.58.51', 1505125312, 0x5f5f63695f6c6173745f726567656e65726174657c693a313530353132353331323b),
('944e84002d472c05abe89c7c7a027b2881f78668', '172.68.246.246', 1505190569, 0x5f5f63695f6c6173745f726567656e65726174657c693a313530353139303536393b),
('9620f8f30a59cb3696bef1342a42d0c2da0b0817', '162.158.79.189', 1504654111, 0x5f5f63695f6c6173745f726567656e65726174657c693a313530343635343131313b),
('962ff7788618c9b7c89947efa7b72b8ab71e8bc8', '172.68.245.191', 1504896266, 0x5f5f63695f6c6173745f726567656e65726174657c693a313530343839363236363b),
('97d83fb962a6d21070ab81bef9d0d8d9d785416d', '162.158.78.128', 1504654155, 0x5f5f63695f6c6173745f726567656e65726174657c693a313530343635343135353b),
('98050fc8a6664e08d982aec92952c5e332d662d8', '172.68.10.86', 1505145984, 0x5f5f63695f6c6173745f726567656e65726174657c693a313530353134353938343b),
('9a3aa95afcf6ec3c9caa80d0e9d555be6879950d', '172.68.65.178', 1504654149, 0x5f5f63695f6c6173745f726567656e65726174657c693a313530343635343134393b),
('9b67dc11f496c75e16978d2af1b678a1e56de6eb', '162.158.78.32', 1504654121, 0x5f5f63695f6c6173745f726567656e65726174657c693a313530343635343132313b),
('9c542dcd89111bcababf763062f2a7014ad453e5', '172.68.10.152', 1504662450, 0x5f5f63695f6c6173745f726567656e65726174657c693a313530343636323435303b),
('9dd7ca07e3ddeb0165ce01b956a5e8051416e197', '172.68.244.214', 1505224377, 0x5f5f63695f6c6173745f726567656e65726174657c693a313530353232343337373b),
('9de3f554744588efd1c075439328dc8c74fc0e78', '172.68.11.57', 1504690231, 0x5f5f63695f6c6173745f726567656e65726174657c693a313530343639303233313b),
('a2957f21318e0ed6d362446bf440e080664229cc', '103.22.200.178', 1504715261, 0x5f5f63695f6c6173745f726567656e65726174657c693a313530343731353236313b),
('a3655bdc689a7451e7239aafcf5c6db0be0304e1', '172.68.245.161', 1505091203, 0x5f5f63695f6c6173745f726567656e65726174657c693a313530353039313230333b),
('a58bf8ea428f156682b50b5642741654aa603a27', '172.68.245.161', 1505140279, 0x5f5f63695f6c6173745f726567656e65726174657c693a313530353134303237393b),
('a77278dfd0bbc3ee148c1a8c24b7203ebbf63724', '172.68.246.90', 1505155594, 0x5f5f63695f6c6173745f726567656e65726174657c693a313530353135353539343b),
('a881d971a481c2b4a9a22d5ce6d5d2d05ae07099', '173.245.48.211', 1504696959, 0x5f5f63695f6c6173745f726567656e65726174657c693a313530343639363934363b6d79636170746368617c733a383a223050436f5061566c223b),
('aaba06caf1482bc77e2c0498c86feb7283eb0ccc', '162.158.178.181', 1504718114, 0x5f5f63695f6c6173745f726567656e65726174657c693a313530343731373933393b6d79636170746368617c733a383a2265796f6438737256223b),
('ab03367335faa140f2687567e74a92a3882ce4c0', '172.68.245.173', 1505249386, 0x5f5f63695f6c6173745f726567656e65726174657c693a313530353234393338363b),
('acde3be6faeb9e61f2fb4999e846b95236c0f116', '162.158.90.220', 1504775450, 0x5f5f63695f6c6173745f726567656e65726174657c693a313530343737353435303b),
('adad71bb0d9d525ebe06e9303abbf5a68d52653b', '108.162.215.134', 1504878101, 0x5f5f63695f6c6173745f726567656e65726174657c693a313530343837383130313b),
('ae97bd510aaeb64c7f121cc1068d92aecc47e537', '162.158.79.9', 1505256615, 0x5f5f63695f6c6173745f726567656e65726174657c693a313530353235363631353b),
('af3fc563dfdf56dd7f87f7d85d132a30fff32849', '172.68.246.210', 1504949991, 0x5f5f63695f6c6173745f726567656e65726174657c693a313530343934393939313b),
('aff6958da0d330b47db18beadba2281414145f71', '172.68.244.178', 1505111571, 0x5f5f63695f6c6173745f726567656e65726174657c693a313530353131313537313b),
('b34a1e1063fb4c517d2134692a432dfc0ade6d87', '172.68.11.57', 1505243370, 0x5f5f63695f6c6173745f726567656e65726174657c693a313530353234333337303b),
('b36570134f9e6c148a7bd895663eb2f1a920bab4', '172.68.10.80', 1505108206, 0x5f5f63695f6c6173745f726567656e65726174657c693a313530353130383230363b),
('b3e265c862031afd8a9cde6e8e06869e689d6e70', '172.68.245.11', 1504946270, 0x5f5f63695f6c6173745f726567656e65726174657c693a313530343934363237303b),
('b52d2963a5315c10c5a834226ef1dc72e848b5fc', '172.68.245.173', 1505176199, 0x5f5f63695f6c6173745f726567656e65726174657c693a313530353137363139393b),
('b5d15c64f817ee992df13eb62601b98b2462283a', '172.68.245.167', 1504847649, 0x5f5f63695f6c6173745f726567656e65726174657c693a313530343834373634393b),
('b649e6f0560e3c950701613c25fb615400965da7', '162.158.92.104', 1504775796, 0x5f5f63695f6c6173745f726567656e65726174657c693a313530343737353739363b),
('b6e9e724d176b1181f6cb0fdb4b235a2c195cbc4', '103.22.200.178', 1504803419, 0x5f5f63695f6c6173745f726567656e65726174657c693a313530343830333431393b),
('b7d578b0cdcc945d0af4a3848ffb5d1da6e0b4ac', '162.158.78.122', 1504654133, 0x5f5f63695f6c6173745f726567656e65726174657c693a313530343635343133333b),
('b7e66113a6a8ee4315808ca73faf0a734cf73b5f', '162.158.78.32', 1505256585, 0x5f5f63695f6c6173745f726567656e65726174657c693a313530353235363538353b),
('b8f755b76ab21b9f4da11858ce53228af8907f47', '162.158.92.14', 1504831267, 0x5f5f63695f6c6173745f726567656e65726174657c693a313530343833313236373b),
('ba5ef2aa83a9a091c750b9273f139851012d64fa', '172.68.244.202', 1504950203, 0x5f5f63695f6c6173745f726567656e65726174657c693a313530343935303230333b),
('babcf5bd24a7f67a275c1891ff33873b1c233901', '172.68.10.56', 1504705657, 0x5f5f63695f6c6173745f726567656e65726174657c693a313530343730353635373b),
('bba68cd68003c5b9ed70dfd8473cc7d80684ea96', '172.68.245.89', 1505108251, 0x5f5f63695f6c6173745f726567656e65726174657c693a313530353130383235313b),
('bc9a507e6500e8cd8d3e8a2ac43517468015b0e9', '172.68.10.152', 1504711435, 0x5f5f63695f6c6173745f726567656e65726174657c693a313530343731313433353b),
('bd3c3e8c96d324dcb88104b2ad49a07df2603d33', '172.68.11.45', 1504653996, 0x5f5f63695f6c6173745f726567656e65726174657c693a313530343635333939363b),
('bdfbd9d489fb4880b118e5d44213cd36f4c42876', '172.68.246.210', 1505246804, 0x5f5f63695f6c6173745f726567656e65726174657c693a313530353234363830343b),
('bdffa6f6cb58e90e6df0a427f41d08e7dba652ef', '162.158.79.195', 1505256602, 0x5f5f63695f6c6173745f726567656e65726174657c693a313530353235363630323b),
('bf05856488c2c2dfc83747ab9b132a76acd4461e', '172.68.211.122', 1504683985, 0x5f5f63695f6c6173745f726567656e65726174657c693a313530343638333937343b),
('c0c72863f03e35f1a5e9d004a278abf00e996e5a', '162.158.89.65', 1505028126, 0x5f5f63695f6c6173745f726567656e65726174657c693a313530353032383132363b6d79636170746368617c733a383a2269636d5559466a79223b),
('c0f6fe1a1d7dbef5ccb7972fc7e2a53f58aa30e9', '172.68.10.230', 1504659578, 0x5f5f63695f6c6173745f726567656e65726174657c693a313530343635393537383b6d79636170746368617c733a383a2264794d5677716478223b),
('c1ff0b941f2aeefbab9d7a98a5d925468ee02c38', '172.68.10.56', 1504660268, 0x5f5f63695f6c6173745f726567656e65726174657c693a313530343636303236383b),
('c25cdaf2dc8e2a3061286726b0e72d99cf8e1268', '162.158.78.116', 1505256583, 0x5f5f63695f6c6173745f726567656e65726174657c693a313530353235363538333b),
('c2cdd7b4827a3b077c7539102fcae97781edcd8d', '172.68.65.160', 1504654116, 0x5f5f63695f6c6173745f726567656e65726174657c693a313530343635343131363b),
('c394a07f57e7a6e3bab29f9f673d3e90617ed516', '162.158.78.212', 1505256604, 0x5f5f63695f6c6173745f726567656e65726174657c693a313530353235363630343b),
('c3df4c65c3e68d721f5a2ee089f924f4068935e2', '172.68.132.177', 1504697364, 0x5f5f63695f6c6173745f726567656e65726174657c693a313530343639373336343b6d79636170746368617c733a383a2271737937537a3150223b),
('c45d4bb0cf996f972e5d79827e0186d43bc9befd', '172.68.246.84', 1505175106, 0x5f5f63695f6c6173745f726567656e65726174657c693a313530353137353130363b),
('c56a05c497e40da6d6b1c96dd955d129eaa5d88d', '172.68.245.89', 1504928841, 0x5f5f63695f6c6173745f726567656e65726174657c693a313530343932383834313b),
('c58dd52aeadee2222a9c5650f25d7deb9b1935f9', '172.68.244.136', 1504905561, 0x5f5f63695f6c6173745f726567656e65726174657c693a313530343930353536313b),
('c694d3d43619fe33ad2ff31f7e1ffa84d8856a00', '172.68.245.167', 1504950860, 0x5f5f63695f6c6173745f726567656e65726174657c693a313530343935303836303b),
('c752c83474f1f2a556e0bb56276a34e15ac0a973', '172.68.244.178', 1505156617, 0x5f5f63695f6c6173745f726567656e65726174657c693a313530353135363631373b),
('c7fdda88e1a4df9b098bdb398d0cb242523e414e', '162.158.79.9', 1504654164, 0x5f5f63695f6c6173745f726567656e65726174657c693a313530343635343136343b),
('c97fa2d7c25a91443f2b2fc0d03b74d4243d8189', '162.158.78.50', 1505256559, 0x5f5f63695f6c6173745f726567656e65726174657c693a313530353235363535393b),
('ca6ce800d93d69b309ffcf62ede8d885586a8166', '172.68.10.230', 1504714998, 0x5f5f63695f6c6173745f726567656e65726174657c693a313530343731343939383b),
('cca056a65b92614779dae90af139d49f4f57ce4e', '172.68.65.130', 1505256603, 0x5f5f63695f6c6173745f726567656e65726174657c693a313530353235363630333b),
('ccb7f9917c1fb8c5dde1155b077238631d3c352e', '172.68.245.173', 1505015969, 0x5f5f63695f6c6173745f726567656e65726174657c693a313530353031353936393b),
('cd02360cca62cc91a1b750e343157247b4d87b19', '172.68.245.89', 1505176880, 0x5f5f63695f6c6173745f726567656e65726174657c693a313530353137363838303b),
('ce688c186901a785dec5c08c1d2d83a45ec87aa5', '172.68.47.196', 1505107570, 0x5f5f63695f6c6173745f726567656e65726174657c693a313530353130373537303b),
('cf311931489756e5358f5862b4a2f7e36e05dfe0', '172.68.246.246', 1504909379, 0x5f5f63695f6c6173745f726567656e65726174657c693a313530343930393337393b),
('d0fbb5b87f8d4adf7e5504658909f193d8bd7ca5', '162.158.78.152', 1505256610, 0x5f5f63695f6c6173745f726567656e65726174657c693a313530353235363631303b),
('d1e93223d693c1e27b54b515acd1ed2e68f2d145', '162.158.78.128', 1505256618, 0x5f5f63695f6c6173745f726567656e65726174657c693a313530353235363631383b),
('d2585d58b13083cc9d29786e361f86ff23d160e1', '141.101.105.238', 1504749567, 0x5f5f63695f6c6173745f726567656e65726174657c693a313530343734393536373b),
('d38f2f076bd2bf25b1398fb0a509be8ba3092961', '162.158.59.242', 1504697595, 0x5f5f63695f6c6173745f726567656e65726174657c693a313530343639373536343b),
('d55db07e41b486622d581c1b390a8fbed52d3d97', '162.158.78.206', 1504654153, 0x5f5f63695f6c6173745f726567656e65726174657c693a313530343635343135333b),
('d5a07971071e2ebefcb337c48ce268f114111b64', '172.68.10.68', 1505025840, 0x5f5f63695f6c6173745f726567656e65726174657c693a313530353032353834303b),
('d6a633e37f56f116c56121a95b583802b75a4fbd', '172.68.141.14', 1504654094, 0x5f5f63695f6c6173745f726567656e65726174657c693a313530343635343039343b),
('d865247db9eecfb48a9ebbe6600471bc0746af84', '162.158.79.201', 1504654132, ''),
('d8a52f3ca9434b354c91b2e72d7b791e14ed991b', '172.68.65.130', 1504654139, 0x5f5f63695f6c6173745f726567656e65726174657c693a313530343635343133393b),
('d8c9502ac6445cf86abac5d9e34e724043c52855', '172.68.245.65', 1504831139, 0x5f5f63695f6c6173745f726567656e65726174657c693a313530343833313133393b6d79636170746368617c733a383a225147637054655061223b),
('d90f9bdf993f1b1345ee5e5533a4ba73015b4094', '162.158.79.189', 1505256575, 0x5f5f63695f6c6173745f726567656e65726174657c693a313530353235363537353b),
('db2b1f597ae25d525b8b65ea2a818146196dcd9b', '162.158.92.134', 1504742529, 0x5f5f63695f6c6173745f726567656e65726174657c693a313530343734323532393b),
('db99da422acda30ea488f9bf142e8ba910ecec8c', '162.158.78.212', 1504654140, 0x5f5f63695f6c6173745f726567656e65726174657c693a313530343635343134303b),
('dbbcf5f0bd3da470e73d5a84b650ba090df75b84', '172.68.245.161', 1505003571, 0x5f5f63695f6c6173745f726567656e65726174657c693a313530353030333537313b),
('dea25793f7c10ca723e2bb9ea81b4be93642c83f', '162.158.78.20', 1504654135, 0x5f5f63695f6c6173745f726567656e65726174657c693a313530343635343133353b),
('e13b3061b202130002325f88f49d8c1754719381', '172.68.246.174', 1505051246, 0x5f5f63695f6c6173745f726567656e65726174657c693a313530353035313234363b),
('e1c6d7a55d8ef3fea62551d5c9176d2a12d19161', '172.68.244.214', 1505061328, 0x5f5f63695f6c6173745f726567656e65726174657c693a313530353036313332383b),
('e1e72af3056109c02487db75aa7befce88c53a30', '162.158.78.62', 1504654161, 0x5f5f63695f6c6173745f726567656e65726174657c693a313530343635343136313b),
('e2beee67ed94a6db7f773b14995f579a7cbde481', '172.68.244.130', 1504845198, 0x5f5f63695f6c6173745f726567656e65726174657c693a313530343834353139383b),
('e44189a333adae791558096a776ce8226ea680cb', '162.158.78.248', 1504654107, 0x5f5f63695f6c6173745f726567656e65726174657c693a313530343635343130373b),
('e620f49ed4a50835fc17cb160c67a22736e03473', '172.68.244.214', 1504919942, 0x5f5f63695f6c6173745f726567656e65726174657c693a313530343931393934323b),
('e634a04cb0510bf0f4e567e1de6852893bc5fefb', '162.158.78.50', 1505256617, 0x5f5f63695f6c6173745f726567656e65726174657c693a313530353235363631373b),
('e6467ed67aad7a7b9cf468b621e390c3924b4520', '162.158.89.143', 1505104611, 0x5f5f63695f6c6173745f726567656e65726174657c693a313530353130343631313b),
('e73b1b5146eebad7cc31a9acdd74655ba0f33eb5', '103.22.200.178', 1504715257, 0x5f5f63695f6c6173745f726567656e65726174657c693a313530343731353235373b),
('e8ffd259cb83f25f9a67845012ce9819808d193a', '172.68.10.206', 1505214991, 0x5f5f63695f6c6173745f726567656e65726174657c693a313530353231343939313b),
('eb7851d23aae2dfcd0bd91bf8bd9f8426f3f2f2d', '172.68.46.147', 1504685203, 0x5f5f63695f6c6173745f726567656e65726174657c693a313530343638353135313b),
('ebffcc79c801e5f334c340e2b76eedf3081030a0', '172.68.58.51', 1504753978, 0x5f5f63695f6c6173745f726567656e65726174657c693a313530343735333937383b),
('edc07d571ce47fb22be3c4db204b78e4a1da1ea1', '162.158.90.58', 1504915227, 0x5f5f63695f6c6173745f726567656e65726174657c693a313530343931353232373b),
('edd28d71dd6d82d9cabc4a59a6d3f448568c70a2', '172.68.11.171', 1504994278, 0x5f5f63695f6c6173745f726567656e65726174657c693a313530343939343237383b),
('ef86556e81a103601bcc6e09d8a7d595965d76b5', '172.68.244.4', 1505016435, 0x5f5f63695f6c6173745f726567656e65726174657c693a313530353031363433353b),
('f07f6a10162ff32de84194430e9950e1f9db2c87', '172.68.11.225', 1505018139, 0x5f5f63695f6c6173745f726567656e65726174657c693a313530353031383133393b),
('f2995eddb3a1921eb6b499de7f54e500cdc330dc', '162.158.79.141', 1504654129, 0x5f5f63695f6c6173745f726567656e65726174657c693a313530343635343132393b),
('f2b2308abc1a7c8a0cfb374e4d6ff841f2530444', '162.158.90.106', 1505165774, 0x5f5f63695f6c6173745f726567656e65726174657c693a313530353136353737333b),
('f3afd175e300cf781cda6b854bf7d35f443f2e39', '172.68.11.105', 1504849498, 0x5f5f63695f6c6173745f726567656e65726174657c693a313530343834393439383b),
('f501b97f0d5e6d8f3dc1edc48e93cb1bc06f2549', '162.158.78.20', 1505256590, 0x5f5f63695f6c6173745f726567656e65726174657c693a313530353235363539303b),
('f5b5fb27fc9212c86db2ccec81d4604e257cbb52', '172.68.143.199', 1505256558, 0x5f5f63695f6c6173745f726567656e65726174657c693a313530353235363535383b),
('f5db20f93b50aa662294df646af6ca75ec24e192', '172.68.10.98', 1504649342, 0x5f5f63695f6c6173745f726567656e65726174657c693a313530343634393334323b),
('f6f1e5c0ba0d6e0ba0854d823f44cb6e48ddb96f', '172.68.11.87', 1504663118, 0x5f5f63695f6c6173745f726567656e65726174657c693a313530343636333131383b),
('f86f21009217ecc8959506d596adce6372580cdd', '162.158.79.141', 1505256594, 0x5f5f63695f6c6173745f726567656e65726174657c693a313530353235363539343b),
('f9389225f50ac32d05c6240e2327fd9fb6cd6b2e', '162.158.78.20', 1505256599, 0x5f5f63695f6c6173745f726567656e65726174657c693a313530353235363539393b),
('f9cdd1e960570435e10ab300ac67fd7f076880ae', '172.68.11.171', 1504820291, 0x5f5f63695f6c6173745f726567656e65726174657c693a313530343832303239313b),
('face6c9dcf98b6613cc5844c8669ad27789402d7', '172.68.244.154', 1505012111, 0x5f5f63695f6c6173745f726567656e65726174657c693a313530353031323131313b),
('fc3eacec7e686c6647e9a84c9f9e83454e2efb2c', '103.22.200.154', 1504694719, 0x5f5f63695f6c6173745f726567656e65726174657c693a313530343639343731393b),
('fff81ca886b6b0ebe193576c69dcdd66d48d1219', '172.68.244.202', 1505079825, 0x5f5f63695f6c6173745f726567656e65726174657c693a313530353037393832353b);

-- --------------------------------------------------------

--
-- Struktur dari tabel `tb_about`
--

CREATE TABLE `tb_about` (
  `id_about` int(2) NOT NULL,
  `isi_about` text NOT NULL,
  `email_about` varchar(30) NOT NULL,
  `nohp_about` varchar(100) NOT NULL,
  `link_fb_about` varchar(100) NOT NULL,
  `link_twitter_about` varchar(100) NOT NULL,
  `link_youtube_about` varchar(100) NOT NULL,
  `foto_about` varchar(100) NOT NULL
) ENGINE=InnoDB DEFAULT CHARSET=latin1;

--
-- Dumping data untuk tabel `tb_about`
--

INSERT INTO `tb_about` (`id_about`, `isi_about`, `email_about`, `nohp_about`, `link_fb_about`, `link_twitter_about`, `link_youtube_about`, `foto_about`) VALUES
(1, '48 Fans Pontianak adalah fanbase 48Group pertama di Kalimantan Barat sejak 25 Mei 2012,\r\n48 Fans Pontianak adalah Fans dari (AKB48, SKE48, NMB48, HKT48, JKT48, SNH48, BNK48, STU48, NGT48)', '48fansptk@gmail.com', 'Arief 081351014256 | Fikri 08152246421 | Ferdy 085750000468 ', 'https://www.facebook.com/groups/AKB48.JKT48.PTK48', 'https://twitter.com/48fanspontianak', 'https://www.youtube.com/channel/UCm-nKMTZR8Q2RQjZAxQba2g', '48ptk2017_07_19_12_13_50.jpg');

-- --------------------------------------------------------

--
-- Struktur dari tabel `tb_akun`
--

CREATE TABLE `tb_akun` (
  `id_akun` int(11) NOT NULL,
  `nama_akun` varchar(50) NOT NULL,
  `level_akun` int(2) NOT NULL COMMENT '1 = ketua komunitas, 2 = pengurus, 3 = anggota',
  `keanggotaan` varchar(20) NOT NULL,
  `foto_akun` text,
  `username_akun` varchar(20) NOT NULL,
  `pw_akun` varchar(32) NOT NULL,
  `panggilan_akun` varchar(15) NOT NULL,
  `kelamin_akun` varchar(10) DEFAULT NULL,
  `goldar_akun` varchar(2) DEFAULT NULL,
  `ttl_akun` date NOT NULL,
  `tinggi_akun` int(4) NOT NULL,
  `email_akun` varchar(30) NOT NULL,
  `link_fb_akun` varchar(100) NOT NULL,
  `link_twitter_akun` varchar(100) NOT NULL,
  `link_gplus_akun` varchar(100) NOT NULL,
  `deskripsi_akun` text NOT NULL,
  `created_akun` datetime DEFAULT NULL,
  `id_idol` int(5) NOT NULL,
  `del_akun` int(2) NOT NULL
) ENGINE=InnoDB DEFAULT CHARSET=latin1;

--
-- Dumping data untuk tabel `tb_akun`
--

INSERT INTO `tb_akun` (`id_akun`, `nama_akun`, `level_akun`, `keanggotaan`, `foto_akun`, `username_akun`, `pw_akun`, `panggilan_akun`, `kelamin_akun`, `goldar_akun`, `ttl_akun`, `tinggi_akun`, `email_akun`, `link_fb_akun`, `link_twitter_akun`, `link_gplus_akun`, `deskripsi_akun`, `created_akun`, `id_idol`, `del_akun`) VALUES
(5, 'Rio Gunawan', 2, 'Asisten', '48ptk2017_08_30_14_01_14.jpg', 'rio', 'd5ed38fdbf28bc4e58be142cf5a17cf5', 'Io', 'Laki-laki', 'B', '1999-05-01', 150, 'riogunawan29@gmail.com', 'http://facebook.com/fg', 'ja_riogunawan', '', 'super sekalii', '0000-00-00 00:00:00', 1, 0),
(25, 'eqwe', 3, 'Anggota', '', 'eqw', 'c4756bcbac1897d4fed3255bd19c7225', '', NULL, NULL, '2000-10-10', 0, '', '', '', '', '', NULL, 0, 0),
(26, 'Arrif Wicaksono', 1, 'Ketua Komunitas', '', 'arrifbl', '1ec29c8e31b90e6d573e4a2230426ee4', 'BL', 'Laki-laki', 'A', '2000-10-10', 100, '', '', '', '', '', NULL, 0, 0),
(27, 'Prakoso Ageng', 1, 'Wakil Ketua', '48ptk2017_09_02_08_20_32.JPG', 'agengprakoso', '943359f48e77e6aaad9e8f4ee9a5e3cf', 'Geng', 'laki-laki', 'O', '1996-07-11', 175, 'prakosoageng@rocketmail.com', 'https://www.facebook.com/gngtrs', '@Gengtaros', 'https://plus.google.com/103691702472845142184', 'Liar, nakal, brutal, membuat semua otang menjadi gempar.', NULL, 0, 0),
(28, 'Fikri Fahrurrozi', 2, 'Sekretaris', '', 'fikrif', '8469fc259a5ef3da2b00e50d98e572fa', 'Fikri', 'laki-laki', 'A', '2000-10-10', 100, 'fikrif078@gmail.com', '', '', '', 'Saya adalah spiderman', NULL, 1, 0),
(29, 'Dista Arum N', 2, 'Bendahara', '48ptk2017_09_02_04_10_20.jpeg', 'distaarum', 'ce84b97e6f4419591c194b92e3a44bb4', 'Dista', 'perempuan', 'O', '1996-07-19', 160, 'distaarum@yahoo.com', '', '@distaArum', '', '', NULL, 0, 0),
(30, 'Fergian Irawan', 3, 'Anggota', '', 'MrSleepyhead48', 'c0e727907faa2afd63f0eb89774792bd', '', NULL, NULL, '0000-00-00', 0, 'FIrawan.Iswandi@YMail.COM', '', '', '', '', '2017-09-06 17:14:40', 1, 1);

-- --------------------------------------------------------

--
-- Struktur dari tabel `tb_berita`
--

CREATE TABLE `tb_berita` (
  `id_berita` int(111) NOT NULL,
  `judul_berita` varchar(200) NOT NULL,
  `isi_berita` text NOT NULL,
  `tgl_berita` date NOT NULL,
  `id_jns_berita` int(11) NOT NULL,
  `foto_berita` text,
  `foto_ket_berita` varchar(200) DEFAULT NULL,
  `id_akun` int(11) NOT NULL,
  `del_berita` int(2) NOT NULL
) ENGINE=InnoDB DEFAULT CHARSET=latin1;

--
-- Dumping data untuk tabel `tb_berita`
--

INSERT INTO `tb_berita` (`id_berita`, `judul_berita`, `isi_berita`, `tgl_berita`, `id_jns_berita`, `foto_berita`, `foto_ket_berita`, `id_akun`, `del_berita`) VALUES
(1, 'Meresmikan Website 48FansPontianak', 'Website 48FansPontianak menampilkan <b>semua Informasi seputar 48FansPontianak dan 48Group</b>.<br>Website ini menampilkan Berita, Jadwal Event dan Gathering, Anggota di Fanbase ini, Idol Group dan semua Idol di 48Group.&nbsp;<br>.<br>Anggota yang mendaftarkan diri di website ini <b><span class=\"wysiwyg-color-green\">dapat memiliki banyak fasilitas</span></b>,<br>Anggota dapat menambahkan berita, <b><i>tapi jangan menambahkan berita yang diluar 48FansPontianak dan 48Group, SARA, dan hal yang negatif lainnya</i></b>.... jika ditemukan maka anggota tersebut <span class=\"wysiwyg-color-red\">akan diperingati, selanjutnya jika melakukan kesalahan lagi maka akan diblacklist</span>.<br>.<br>Website ini resmi dibuka pada Kamis, 31 Agustus 2017.<br><br><br>', '2017-08-31', 2, '1500x500.jpg', '48fanspontianak', 5, 0),
(2, 'Chant Mix Standard 48 Family', '<h3>Chant Mix Standard 48 Family</h3><div><div></div></div><div><div>&nbsp;Berikut ini adalah chant mix standard yang biasa di pakai di konser konser atau pun theater 48 Family :</div><div>&nbsp;<b>1 CHANT mix</b></div><div>???????????(pronounced: YOSH IKU ZOH!!) [meaning: HERE WE GO!!!!]</div><div>Tiger<br>Fire<br>Cyber<br>Fiber<br>Diver<br>Viber<br>jya jya!!</div><div><br></div><div><br></div><div><b>? CHANT mix</b></div><div>???????????(pronounced: moh iccho iku zoh!!!) [meaning: HERE WE GO ONE MORE TIME!!!]</div><div>Tora<br>He<br>Jinzou<br>Sen-ii<br>Ama<br>Shindou ~<br>kasen &nbsp;tobijokyo!!</div><div><br></div><div><br></div><div><b>3 CHANT mix</b></div><div>Chape<br>Ape<br>Kara<br>Kina<br>Rara<br>Tosuke ~<br>Myouhuntosuke</div></div>', '2017-08-31', 1, 'llllllllllllllllllllll.png', 'http://fanspontianak48.blogspot.co.id/2014/05/chant-mix-standard-48-family.html#more', 5, 0),
(3, 'JKT48', '[INFO] JKT48 akan jd Guest Store Manager di Grand Opening Authorized Mi Store - Summarecon Mal Serpong, 30 Agsts, 15.00 WIB <a href=\"https://twitter.com/hashtag/JKT48KeMiStore?src=hash\" target=\"\" rel=\"\">#JKT48KeMiStore</a><br>', '2017-08-31', 1, 'DIZNuuHUwAA7iT.jpg', 'https://twitter.com/officialJKT48/status/902494253447749632', 5, 0);

-- --------------------------------------------------------

--
-- Struktur dari tabel `tb_event`
--

CREATE TABLE `tb_event` (
  `id_event` int(11) NOT NULL,
  `judul_event` varchar(100) NOT NULL,
  `poster_event` varchar(100) NOT NULL,
  `isi_event` text NOT NULL,
  `tgl_posting_event` date NOT NULL,
  `tgl_event` date NOT NULL,
  `waktu_event` varchar(50) NOT NULL,
  `lokasi_event` varchar(100) NOT NULL,
  `latitude` varchar(50) NOT NULL,
  `longitude` varchar(50) NOT NULL,
  `jenis_event` varchar(20) NOT NULL,
  `tiket_online` varchar(20) NOT NULL,
  `id_akun` int(11) NOT NULL,
  `del_event` int(2) NOT NULL
) ENGINE=InnoDB DEFAULT CHARSET=latin1;

--
-- Dumping data untuk tabel `tb_event`
--

INSERT INTO `tb_event` (`id_event`, `judul_event`, `poster_event`, `isi_event`, `tgl_posting_event`, `tgl_event`, `waktu_event`, `lokasi_event`, `latitude`, `longitude`, `jenis_event`, `tiket_online`, `id_akun`, `del_event`) VALUES
(1, 'GAthering Seru', '', '<span>[INFO GATH] KITA AKAN MELAKUKAN KUMPUL BARENG LAGI SEPERTI BIASA<br>GATH DI LAKSANAKAN PADA<br>MINGGU 16 APRIL 2017<br>TEMPAT : TAMAN ALUN ALUN KAPUAS (KOREM)<br>WAKTU : 15.00 - TILL DROPP</span><div>NOTE : KUMPUL DITRIBUN NYA YAA GAYSS</div>', '2017-08-31', '2017-04-16', '15.00 WIB - TILL DROPP', 'TAMAN ALUN ALUN KAPUAS (KOREM)', '-0.02241866136389678', '109.33961122355652', 'gathering', 'Tidak Tersedia', 5, 0),
(2, 'FUN FUTSAL', '', '<div>[FUN FUTSAL 48 FANS PONTIANAK]&nbsp;</div><div>Karena udah sangat lama kita tidak kumpul2 lagi,</div><div>Kuy kita pemanasan dulu kumpul2 dilapangan futsal</div><div>LAPANGAN SWIGNYO 15 (Jln Swignyo tepi jalan)</div><div>PUKUL 19.00-20.00 WIB</div><div>SABTU , 2 SEPTEMBER 2017</div><div>, BAWA UANG , DAN AJAK KAWAN KAWAN YANG LAIN AJAK PACAR JUGA AJAK MANTAN JUGA AJAK GEBETAN JUGA ajak juga si juga</div>', '2017-09-02', '2017-09-02', '19.00 wib - 20.00 wib', 'Lapangan Suwignyo 15', '-0.03442959183258177', '109.31700020156109', 'event', 'Tidak Tersedia', 5, 0);

-- --------------------------------------------------------

--
-- Struktur dari tabel `tb_idol`
--

CREATE TABLE `tb_idol` (
  `id_idol` int(11) NOT NULL,
  `nama_idol` varchar(50) NOT NULL,
  `panggilan_idol` varchar(15) NOT NULL,
  `tlahir_idol` date NOT NULL,
  `goldar_idol` varchar(2) DEFAULT NULL,
  `tinggi_idol` int(4) NOT NULL,
  `foto_idol` varchar(100) NOT NULL,
  `id_idol_group` int(5) NOT NULL,
  `del_idol` int(2) NOT NULL
) ENGINE=InnoDB DEFAULT CHARSET=latin1;

--
-- Dumping data untuk tabel `tb_idol`
--

INSERT INTO `tb_idol` (`id_idol`, `nama_idol`, `panggilan_idol`, `tlahir_idol`, `goldar_idol`, `tinggi_idol`, `foto_idol`, `id_idol_group`, `del_idol`) VALUES
(0, 'Tidak Ada Idol', '', '0000-00-00', NULL, 0, '', 0, 1),
(1, 'Della Delila', 'Della', '1998-11-15', 'O', 158, 'della_delila.jpg', 2, 0),
(3, 'Anna Iriyama', 'An\'nin', '1995-12-03', NULL, 0, 'anna.png', 1, 0),
(4, 'Rena Isshiki', 'Lena, Pak, Huu-', '2002-02-15', 'O', 163, 'isshiki_rena.jpg', 4, 0),
(5, 'Yuki Azuma', 'Yukkin', '1996-02-17', 'O', 160, 'azuma.jpg', 6, 0),
(6, 'Yuka Akiyoshi', 'Yuka', '2000-10-24', 'B', 157, '0023_320.jpg', 7, 0),
(7, 'Ogino Yuka', 'Okikuyaki', '1999-02-16', 'A', 0, 'ogino_yuka.jpg', 8, 0),
(8, 'Ishida Chiho', 'Chiho-chan', '2002-03-17', 'O', 0, 'ishida_chiho_original.jpg', 9, 0),
(9, 'Cherprang Areekul', 'Cherprang', '1996-05-02', 'B', 160, 'cherprang_480x698_OK.jpg', 10, 0);

-- --------------------------------------------------------

--
-- Struktur dari tabel `tb_idol_group`
--

CREATE TABLE `tb_idol_group` (
  `id_idol_group` int(5) NOT NULL,
  `nama_idol_group` varchar(10) NOT NULL,
  `logo_idol_group` varchar(100) NOT NULL,
  `banner_idol_group` varchar(100) NOT NULL,
  `ket_idol_group` text NOT NULL,
  `link_idol_group` varchar(100) NOT NULL,
  `tahun_idol_group` varchar(100) NOT NULL,
  `lokasi_idol_group` varchar(100) NOT NULL,
  `del_idol_group` int(2) NOT NULL
) ENGINE=InnoDB DEFAULT CHARSET=latin1;

--
-- Dumping data untuk tabel `tb_idol_group`
--

INSERT INTO `tb_idol_group` (`id_idol_group`, `nama_idol_group`, `logo_idol_group`, `banner_idol_group`, `ket_idol_group`, `link_idol_group`, `tahun_idol_group`, `lokasi_idol_group`, `del_idol_group`) VALUES
(0, 'Tidak Ada ', '', '', '', '', '', '', 1),
(1, 'AKB48', '48ptk2017_09_02_11_41_57.png', '48ptk2017_07_14_11_03_43.png', 'AKB48 adalah grup idola yang diproduseri oleh pencipta lirik Akimoto Yasushi dan memulai debutnya pada Desember 2005. Konsepnya adalah \"idola yang dapat dijumpai\". Hal yang unik dari AKB48 Project adalah fans dapat ikut merasakan proses perkembangan idolanya.\r\n\r\nAKB48 memiliki teater sendiri di Akihabara, Tokyo. Meskipun mereka telah menjadi idola top, saat ini pun mereka tetap tampil di teater setiap harinya.\r\n\r\nMember dipilih melalui proses audisi dimana pesertanya berasal dari seluruh penjuru negeri. Saat ini telah terbentuk tim A, tim K, tim B, dan trainee.\r\n\r\nSaat merilis CD single, dilakukan seleksi dari seluruh member, termasuk member dari sister group. Mereka yang terpilih disebut \"Member Senbatu\" dan akan menyanyikan lagu single tersebut.\r\n\r\nPopularitas mereka tidak hanya di dalam negeri sendiri, tetapi juga mancanegara. Mereka pernah mengadakan pertunjukan di berbagai tempat di seluruh dunia seperti Paris, New York, Cannes, Los Angeles, Korea Selatan, Macau, Singapura, Moskow, Taiwan, Shanghai, Jakarta, dan Washingon DC.\r\n\r\nDi Jepang, setiap lagu baru yang mereka rilis selalu berhasil terjual jutaan kopi. Dan sebagai grup idola yang paling populer di Jepang, mereka secara reguler tampil di berbagai media seperti televisi, radio, dan majalah. Sambil tetap menjadikan penampilan di teater sebagai dasarnya, mereka pun terus mengembangkan sayapnya.', 'http://www.akb48.co.jp', '2005', 'Akihabara, Jepang', 0),
(2, 'JKT48', 'jkt48.jpg', '48ptk2017_07_13_12_22_43.gif', 'Kami ingin menciptakan tempat bagi para perempuan Indonesia untuk mewujudkan impian mereka. Bersama para penggemar, kami ingin membuat satu-satunya “Idola Orisinil Indonesia“. Inilah inspirasi utama kami meluncurkan JKT48.\r\n\r\nSeluruh anggota JKT48 akan berjuang untuk menggapai tujuan mereka menjadi idola sesungguhnya. Untuk itu, mereka akan berdedikasi tinggi terhadap kegiatan mereka. Tidak hanya menyanyi dan menari, namun juga bakat atau penampilan lainnya. Ayo, datang dan saksikan para anggota berjuang keras mewujudkan mimpi mereka. AKB48 dapat sukses karena tumbuh “bersama“ para penggemar sehingga mereka dapat mencapai posisi seperti saat ini. Kami ingin JKT48 mengikuti jejak AKB48 untuk menjadi grup idola yang dekat dengan para penggemarnya dan juga menjalin hubungan yang erat dengan mereka. Kami percaya bahwa dukungan dari para penggemar akan membawa JKT48 ke tingkat yang lebih tinggi, dimulai dari grup idola yang berbasis di Jakarta hingga menjadi dikenal di seluruh dunia.', 'https://jkt48.com/', '2011', 'Jakarta, Indonesia', 0),
(4, 'SKE48', 'ske48.png', '48ptk2017_08_10_12_01_59.png', 'Sebagai kemajuan nasional yang pertama dari AKB48 yang berbasis di Akihabara, Tokyo, pada bulan Juli 2008, grup idola lahir di Nagoya Sakae. Hal ini dinamai inisial rumah Sakae (Sakae) SKE48 dan (SK E Forty Eight). Kemudian Jepang, dan merupakan cikal bakal dari 48 proyek yang akan dikerahkan di dunia. \r\nDalam SKE48 Ferris wheel terletak di Nagoya Sakae terletak di lantai dua dari hiburan bangunan keluar Sunshine Sakae simbol teater (SKE48 THEATER), masing-masing dari pertunjukan sekitar 2 jam terdiri dari lagu dan tarian, pembicaraan tentang S · K? · E Kami secara teratur diadakan pada siswa tim dan penelitian.', 'http://www.ske48.co.jp', '2008', 'Nagoya Sakae, Jepang', 0),
(6, 'NMB48', '0dbe00d8.jpg', '48ptk2017_08_31_08_01_00.png', 'Setelah AKB 48 di Tokyo, Akihabara, SKE 48 di Nagoya, Saka, maju ke Osaka. Awal Namba N a MB a adalah \"NMB\". \r\nSeorang penyanyi-penulis lagu, Yasushi Akimoto bertindak sebagai produser yang komprehensif \r\nSebuah Idol Group yang memulai kegiatan mulai dari 9 Oktober 2010. Konsepnya adalah \"idola untuk bertemu.\" Di Osaka · Namba\'s NMB 48 teater, \r\nSaya tampil hampir 2 jam pertunjukan yang terdiri dari lagu, tarian dan talk hampir setiap hari.', 'http://www.nmb48.com/', '2010', 'Namba Osaka, Jepang', 0),
(7, 'HKT48', 'Hkt48_logo.jpg', '48ptk2017_08_31_08_14_14.png', 'Dimulai di Fukuoka / Hakata sebagai proyek AKB48 ke-4 setelah AKB 48 · SKE 48 · NMB 48. Saat ini jumlah anggota sebanyak 48 orang. \r\n\r\nPada tanggal 23 Oktober 2011, AKB 48 memulai debutnya di depan 15.000 orang di Seibu Dome di lokasi acara jabat tangan nasional. \r\nAnggota rata-rata berusia 13,8 tahun, kelompok \"bungsu\" AKB 48 lahir. \r\nKami akan memulai pertunjukan di \"HKT48 Theatre\" yang akan menjadi home base pada tanggal 26 November di tahun yang sama. \r\n\r\nPada tanggal 16 Juni 2012, Aiko Shihara mengumumkan transfer dari HKT 48 ke AKB 48, dan pada tanggal 24 Agustus transfer Aika Tada dari AKB 48 diumumkan. \r\n\r\nPada tanggal 20 Maret 2013, debut single \"SKIP! Skip! \"Ski! Ski! Skipping!\" Memperoleh 250 penjualan minggu pertama, posisi 1 di chart Oricon Weekly. Angka penjualan minggu pertama minggu ini mencatat penjualan terbaik sebagai single debut bagi artis wanita (termasuk solo) sejak Oricon mulai merilis satu peringkat pada bulan Januari 1968, dan tujuh karya debut pertama wanita artis dalam sejarah. Memperbarui catatan baru pemimpin tunggal yang terus-menerus. \r\n\r\nMulai tur konser skala penuh mulai Januari 2014. \r\nSejauh ini, kami telah menyelenggarakan tur 7 prefektur Kyushu, wisata nasional dan tur arena. \r\nSelain itu, ia menantang sebuah teater tidak hanya di live tapi juga pada pertunjukan Meiji dan Hakataza \"Rina Sujima Chairperson Performance\". \r\n\r\nPada bulan Maret 2016, bersamaan dengan penutupan Hawks Town Mall dengan teaternya sendiri, kami menyelesaikan penjualan Teater HKT 48 yang dibuka pada tahun 2011. Memindahkan basis kinerja ke Nishitetsu Hall dan sedang melakukan aktivitas. ', 'http://www.hkt48.jp/', '2011', 'Hakata / Fukuoka, Jepang', 0),
(8, 'NGT48', 'image.png', '48ptk2017_08_31_08_26_25.png', 'NGT 48 yang lahir di prefektur Niigata sebagai Idol Group kelima 48 di Jepang. Di bawah manajer Etsuro Imamura, tujuannya adalah untuk memiliki anggota 25 (11 dari prefektur) termasuk kapten Kitahara Riyoushi mempelajari pesona Niigata, bersamaan dengan pemikiran para lulusan, untuk menyebarkan kemegahannya secara nasional.', 'http://ngt48.jp/', '2015', 'Niigata, Jepang', 0),
(9, 'STU48', '36a8e982.jpg', '48ptk2017_08_31_08_32_03.png', 'Lahir pada bulan Maret, 2017 sebagai Sister Group AKB keenam di negara ini. \r\nKelompok menganggur pertama kelompok AKB, berbasis di daerah \"Setochi\", merangkak \"satu laut, tujuh prefektur\".\r\n\r\nDari inisial Setouchi (SeToUchi) STU 48 (Estee ? ? ? ? ? ? ?) diberi nama.\r\n\r\nKe depan, kami berencana menggelar pertunjukan yang terdiri dari lagu dan tarian dalam gaya Teater Kapal, terutama di Laut Pedalaman Seto.', 'http://www.stu48.com', '2017', 'Setouchi ,Jepang', 0),
(10, 'BNK48', '18950028_260083827729142_8510868964249698304_n.jpg', '48ptk2017_08_31_08_38_45.png', 'BNK48 adalah Sister Group AKB48 dari Thailand. AKB48 adalah kelompok gadis paling sukses di Jepang.', 'https://www.bnk48.com/', '2017', 'Bangkok, BNK48', 0);

-- --------------------------------------------------------

--
-- Struktur dari tabel `tb_jns_berita`
--

CREATE TABLE `tb_jns_berita` (
  `id_jns_berita` int(11) NOT NULL,
  `jns_berita` varchar(50) NOT NULL
) ENGINE=InnoDB DEFAULT CHARSET=latin1;

--
-- Dumping data untuk tabel `tb_jns_berita`
--

INSERT INTO `tb_jns_berita` (`id_jns_berita`, `jns_berita`) VALUES
(1, '48Group'),
(2, '48FansPontianak');

-- --------------------------------------------------------

--
-- Struktur dari tabel `tb_memesan`
--

CREATE TABLE `tb_memesan` (
  `id_memesan` int(11) NOT NULL,
  `no_memesan` varchar(20) NOT NULL,
  `id_tiket` int(11) NOT NULL,
  `total_harga` int(10) NOT NULL,
  `jumlah_tiket` int(5) NOT NULL,
  `id_akun` int(11) NOT NULL,
  `status_bayar` varchar(20) NOT NULL,
  `foto_resi` varchar(100) DEFAULT NULL,
  `kode_tiket` varchar(50) DEFAULT NULL,
  `tgl_memesan` date NOT NULL,
  `del_memesan` int(2) NOT NULL
) ENGINE=InnoDB DEFAULT CHARSET=latin1;

-- --------------------------------------------------------

--
-- Struktur dari tabel `tb_metamemesan`
--

CREATE TABLE `tb_metamemesan` (
  `id_metamemesan` int(11) NOT NULL,
  `id_tiket` int(11) NOT NULL,
  `total_harga` int(10) NOT NULL,
  `jumlah_tiket` int(5) NOT NULL,
  `id_akun` int(11) NOT NULL,
  `status_bayar` varchar(20) NOT NULL,
  `tgl_memesan` date NOT NULL
) ENGINE=InnoDB DEFAULT CHARSET=latin1;

-- --------------------------------------------------------

--
-- Struktur dari tabel `tb_tiket`
--

CREATE TABLE `tb_tiket` (
  `id_tiket` int(5) NOT NULL,
  `harga_tiket` int(8) NOT NULL,
  `jenis_tiket` varchar(20) NOT NULL,
  `diskon_tiket` int(8) NOT NULL,
  `stok_tiket` int(5) NOT NULL,
  `id_event` int(11) NOT NULL,
  `id_akun` int(11) NOT NULL,
  `del_tiket` int(2) NOT NULL
) ENGINE=InnoDB DEFAULT CHARSET=latin1;

-- --------------------------------------------------------

--
-- Struktur dari tabel `tb_tiketmeta`
--

CREATE TABLE `tb_tiketmeta` (
  `id_metatiket` int(2) NOT NULL,
  `harga_tiket` int(8) NOT NULL,
  `jenis_tiket` varchar(20) NOT NULL,
  `diskon_tiket` int(8) DEFAULT NULL,
  `id_event` int(11) NOT NULL,
  `id_akun` int(11) NOT NULL,
  `stok_tiket` int(5) NOT NULL
) ENGINE=InnoDB DEFAULT CHARSET=latin1;

--
-- Indexes for dumped tables
--

--
-- Indexes for table `ci_sessions`
--
ALTER TABLE `ci_sessions`
  ADD PRIMARY KEY (`id`),
  ADD KEY `ci_sessions_timestamp` (`timestamp`);

--
-- Indexes for table `tb_about`
--
ALTER TABLE `tb_about`
  ADD PRIMARY KEY (`id_about`);

--
-- Indexes for table `tb_akun`
--
ALTER TABLE `tb_akun`
  ADD PRIMARY KEY (`id_akun`),
  ADD UNIQUE KEY `username_akun` (`username_akun`);

--
-- Indexes for table `tb_berita`
--
ALTER TABLE `tb_berita`
  ADD PRIMARY KEY (`id_berita`);

--
-- Indexes for table `tb_event`
--
ALTER TABLE `tb_event`
  ADD PRIMARY KEY (`id_event`);

--
-- Indexes for table `tb_idol`
--
ALTER TABLE `tb_idol`
  ADD PRIMARY KEY (`id_idol`);

--
-- Indexes for table `tb_idol_group`
--
ALTER TABLE `tb_idol_group`
  ADD PRIMARY KEY (`id_idol_group`);

--
-- Indexes for table `tb_jns_berita`
--
ALTER TABLE `tb_jns_berita`
  ADD PRIMARY KEY (`id_jns_berita`);

--
-- Indexes for table `tb_memesan`
--
ALTER TABLE `tb_memesan`
  ADD PRIMARY KEY (`id_memesan`);

--
-- Indexes for table `tb_metamemesan`
--
ALTER TABLE `tb_metamemesan`
  ADD PRIMARY KEY (`id_metamemesan`);

--
-- Indexes for table `tb_tiket`
--
ALTER TABLE `tb_tiket`
  ADD PRIMARY KEY (`id_tiket`);

--
-- Indexes for table `tb_tiketmeta`
--
ALTER TABLE `tb_tiketmeta`
  ADD PRIMARY KEY (`id_metatiket`);

--
-- AUTO_INCREMENT for dumped tables
--

--
-- AUTO_INCREMENT for table `tb_about`
--
ALTER TABLE `tb_about`
  MODIFY `id_about` int(2) NOT NULL AUTO_INCREMENT, AUTO_INCREMENT=2;
--
-- AUTO_INCREMENT for table `tb_akun`
--
ALTER TABLE `tb_akun`
  MODIFY `id_akun` int(11) NOT NULL AUTO_INCREMENT, AUTO_INCREMENT=31;
--
-- AUTO_INCREMENT for table `tb_berita`
--
ALTER TABLE `tb_berita`
  MODIFY `id_berita` int(111) NOT NULL AUTO_INCREMENT, AUTO_INCREMENT=4;
--
-- AUTO_INCREMENT for table `tb_event`
--
ALTER TABLE `tb_event`
  MODIFY `id_event` int(11) NOT NULL AUTO_INCREMENT, AUTO_INCREMENT=3;
--
-- AUTO_INCREMENT for table `tb_idol`
--
ALTER TABLE `tb_idol`
  MODIFY `id_idol` int(11) NOT NULL AUTO_INCREMENT, AUTO_INCREMENT=10;
--
-- AUTO_INCREMENT for table `tb_idol_group`
--
ALTER TABLE `tb_idol_group`
  MODIFY `id_idol_group` int(5) NOT NULL AUTO_INCREMENT, AUTO_INCREMENT=12;
--
-- AUTO_INCREMENT for table `tb_jns_berita`
--
ALTER TABLE `tb_jns_berita`
  MODIFY `id_jns_berita` int(11) NOT NULL AUTO_INCREMENT, AUTO_INCREMENT=3;
--
-- AUTO_INCREMENT for table `tb_memesan`
--
ALTER TABLE `tb_memesan`
  MODIFY `id_memesan` int(11) NOT NULL AUTO_INCREMENT;
--
-- AUTO_INCREMENT for table `tb_metamemesan`
--
ALTER TABLE `tb_metamemesan`
  MODIFY `id_metamemesan` int(11) NOT NULL AUTO_INCREMENT, AUTO_INCREMENT=10;
--
-- AUTO_INCREMENT for table `tb_tiket`
--
ALTER TABLE `tb_tiket`
  MODIFY `id_tiket` int(5) NOT NULL AUTO_INCREMENT;
--
-- AUTO_INCREMENT for table `tb_tiketmeta`
--
ALTER TABLE `tb_tiketmeta`
  MODIFY `id_metatiket` int(2) NOT NULL AUTO_INCREMENT;
/*!40101 SET CHARACTER_SET_CLIENT=@OLD_CHARACTER_SET_CLIENT */;
/*!40101 SET CHARACTER_SET_RESULTS=@OLD_CHARACTER_SET_RESULTS */;
/*!40101 SET COLLATION_CONNECTION=@OLD_COLLATION_CONNECTION */;
